-- sample-ds
-- 1. Datasource
INSERT INTO `datasource` (`id`,`created_by`,`created_time`,`modified_by`,`modified_time`,`version`,`ds_conn_type`,`datasource_contexts`,`ds_desc`,`ds_type`,`ds_engine_name`,`ds_granularity`,`ds_linked_workspaces`,`ds_name`,`ds_owner_id`,`ds_published`,`ds_seg_granularity`,`ds_src_type`,`ds_status`)
VALUES ('02653b82-61b4-4fb1-95cd-86ee41355ff9','admin',now(),'admin',now(),3,'ENGINE',NULL,'','MASTER','sampleds','DAY',0,'sample-ds','admin','1','MONTH','FILE','ENABLED');
-- 2. Fields
INSERT INTO `field` (`id`,`pre_aggr_type`,`field_alias`,`field_format`,`field_ingestion_rule`,`field_logical_type`,`field_name`,`field_partitioned`,`field_role`,`seq`,`field_type`,`ref_id`,`ds_id`)
VALUES (10037069,'NONE','time','yyyy-MM-dd',NULL,'TIMESTAMP','time',NULL,'TIMESTAMP',0,'STRING',NULL,'02653b82-61b4-4fb1-95cd-86ee41355ff9');
INSERT INTO `field` (`id`,`pre_aggr_type`,`field_alias`,`field_format`,`field_ingestion_rule`,`field_logical_type`,`field_name`,`field_partitioned`,`field_role`,`seq`,`field_type`,`ref_id`,`ds_id`)
VALUES (10037070,'NONE','d',NULL,NULL,'STRING','d',NULL,'DIMENSION',1,'STRING',NULL,'02653b82-61b4-4fb1-95cd-86ee41355ff9');
INSERT INTO `field` (`id`,`pre_aggr_type`,`field_alias`,`field_format`,`field_ingestion_rule`,`field_logical_type`,`field_name`,`field_partitioned`,`field_role`,`seq`,`field_type`,`ref_id`,`ds_id`)
VALUES (10037071,'NONE','sd',NULL,NULL,'STRING','sd',NULL,'DIMENSION',2,'STRING',NULL,'02653b82-61b4-4fb1-95cd-86ee41355ff9');
INSERT INTO `field` (`id`,`pre_aggr_type`,`field_alias`,`field_format`,`field_ingestion_rule`,`field_logical_type`,`field_name`,`field_partitioned`,`field_role`,`seq`,`field_type`,`ref_id`,`ds_id`)
VALUES (10037072,'NONE','m1',NULL,NULL,'INTEGER','m1',NULL,'MEASURE',3,'STRING',NULL,'02653b82-61b4-4fb1-95cd-86ee41355ff9');
INSERT INTO `field` (`id`,`pre_aggr_type`,`field_alias`,`field_format`,`field_ingestion_rule`,`field_logical_type`,`field_name`,`field_partitioned`,`field_role`,`seq`,`field_type`,`ref_id`,`ds_id`)
VALUES (10037073,'NONE','m2',NULL,NULL,'INTEGER','m2',NULL,'MEASURE',4,'STRING',NULL,'02653b82-61b4-4fb1-95cd-86ee41355ff9');

-- sample-ds-extends
-- 1. Datasource
INSERT INTO `datasource` (`id`,`created_by`,`created_time`,`modified_by`,`modified_time`,`version`,`ds_conn_type`,`datasource_contexts`,`ds_desc`,`ds_type`,`ds_engine_name`,`ds_granularity`,`ds_linked_workspaces`,`ds_name`,`ds_owner_id`,`ds_published`,`ds_seg_granularity`,`ds_src_type`,`ds_status`)
VALUES ('bf7adcf3-e7f0-4d8c-a038-0f1422213165','admin',now(),'admin',now(),3,'ENGINE',NULL,'','MASTER','sampledsextends','DAY',0,'sample-ds-extends','admin','1','MONTH','FILE','ENABLED');
-- 2. Fields
INSERT INTO `field` (`id`,`pre_aggr_type`,`field_alias`,`field_format`,`field_ingestion_rule`,`field_logical_type`,`field_name`,`field_partitioned`,`field_role`,`seq`,`field_type`,`ref_id`,`ds_id`)
VALUES (10037074,'NONE','time','dd/MM/yyyy',NULL,'TIMESTAMP','time',NULL,'TIMESTAMP',0,'STRING',NULL,'bf7adcf3-e7f0-4d8c-a038-0f1422213165');
INSERT INTO `field` (`id`,`pre_aggr_type`,`field_alias`,`field_format`,`field_ingestion_rule`,`field_logical_type`,`field_name`,`field_partitioned`,`field_role`,`seq`,`field_type`,`ref_id`,`ds_id`)
VALUES (10037075,'NONE','d',NULL,NULL,'STRING','d',NULL,'DIMENSION',1,'STRING',NULL,'bf7adcf3-e7f0-4d8c-a038-0f1422213165');
INSERT INTO `field` (`id`,`pre_aggr_type`,`field_alias`,`field_format`,`field_ingestion_rule`,`field_logical_type`,`field_name`,`field_partitioned`,`field_role`,`seq`,`field_type`,`ref_id`,`ds_id`)
VALUES (10037076,'NONE','sd',NULL,NULL,'STRING','sd',NULL,'DIMENSION',2,'STRING',NULL,'bf7adcf3-e7f0-4d8c-a038-0f1422213165');
INSERT INTO `field` (`id`,`pre_aggr_type`,`field_alias`,`field_format`,`field_ingestion_rule`,`field_logical_type`,`field_name`,`field_partitioned`,`field_role`,`seq`,`field_type`,`ref_id`,`ds_id`)
VALUES (10037077,'NONE','m1',NULL,NULL,'INTEGER','m1',NULL,'MEASURE',3,'STRING',NULL,'bf7adcf3-e7f0-4d8c-a038-0f1422213165');
INSERT INTO `field` (`id`,`pre_aggr_type`,`field_alias`,`field_format`,`field_ingestion_rule`,`field_logical_type`,`field_name`,`field_partitioned`,`field_role`,`seq`,`field_type`,`ref_id`,`ds_id`)
VALUES (10037078,'NONE','m2',NULL,NULL,'INTEGER','m2',NULL,'MEASURE',4,'STRING',NULL,'bf7adcf3-e7f0-4d8c-a038-0f1422213165');
INSERT INTO `field` (`id`,`pre_aggr_type`,`field_alias`,`field_format`,`field_ingestion_rule`,`field_logical_type`,`field_name`,`field_partitioned`,`field_role`,`seq`,`field_type`,`ref_id`,`ds_id`)
VALUES (10037079,'NONE','pd',NULL,NULL,'STRING','pd',NULL,'DIMENSION',5,'STRING',NULL,'bf7adcf3-e7f0-4d8c-a038-0f1422213165');
INSERT INTO `field` (`id`,`pre_aggr_type`,`field_alias`,`field_format`,`field_ingestion_rule`,`field_logical_type`,`field_name`,`field_partitioned`,`field_role`,`seq`,`field_type`,`ref_id`,`ds_id`)
VALUES (10037080,'NONE','m3',NULL,NULL,'INTEGER','m3',NULL,'MEASURE',6,'STRING',NULL,'bf7adcf3-e7f0-4d8c-a038-0f1422213165');

-- test-incompatible-ds
-- 1. Datasource
INSERT INTO `datasource` (`id`,`created_by`,`created_time`,`modified_by`,`modified_time`,`version`,`ds_conn_type`,`datasource_contexts`,`ds_desc`,`ds_type`,`ds_engine_name`,`ds_granularity`,`ds_linked_workspaces`,`ds_name`,`ds_owner_id`,`ds_published`,`ds_seg_granularity`,`ds_src_type`,`ds_status`)
VALUES ('1bd43d9a-0ffb-4316-9be5-a060aaf4c22f','admin',now(),'admin',now(),3,'LINK',NULL,'','MASTER','testincompatibleds','DAY',0,'test-incompatible-ds','admin','1','MONTH','FILE','ENABLED');
-- 2. Fields
INSERT INTO `field` (`id`,`pre_aggr_type`,`field_alias`,`field_format`,`field_ingestion_rule`,`field_logical_type`,`field_name`,`field_partitioned`,`field_role`,`seq`,`field_type`,`ref_id`,`ds_id`)
VALUES (10037081,'NONE','time','dd/MM/yyyy',NULL,'TIMESTAMP','time',NULL,'TIMESTAMP',0,'STRING',NULL,'1bd43d9a-0ffb-4316-9be5-a060aaf4c22f');
INSERT INTO `field` (`id`,`pre_aggr_type`,`field_alias`,`field_format`,`field_ingestion_rule`,`field_logical_type`,`field_name`,`field_partitioned`,`field_role`,`seq`,`field_type`,`ref_id`,`ds_id`)
VALUES (10037082,'NONE','product_id',NULL,NULL,'STRING','product_id',NULL,'DIMENSION',1,'STRING',NULL,'1bd43d9a-0ffb-4316-9be5-a060aaf4c22f');
INSERT INTO `field` (`id`,`pre_aggr_type`,`field_alias`,`field_format`,`field_ingestion_rule`,`field_logical_type`,`field_name`,`field_partitioned`,`field_role`,`seq`,`field_type`,`ref_id`,`ds_id`)
VALUES (10037083,'NONE','amount',NULL,NULL,'INTEGER','amount',NULL,'MEASURE',2,'STRING',NULL,'1bd43d9a-0ffb-4316-9be5-a060aaf4c22f');

-- Workbook
INSERT INTO `book` (`type`,`id`,`created_by`,`created_time`,`modified_by`,`modified_time`,`version`,`book_folder_id`,`book_name`,`book_tag`,`ws_id`)
VALUES ('workbook','923c4a89-1424-42b2-aa46-571036c1db45','admin', now(),'admin', now(),2,'ROOT','test-workbook',NULL,'ws-00');
INSERT INTO `book_workbook` (`id`)
VALUES('923c4a89-1424-42b2-aa46-571036c1db45');

-- Dashboard
INSERT INTO `dashboard` (`id`,`created_by`,`created_time`,`modified_by`,`modified_time`,`version`,`board_conf`,`board_description`,`board_hiding`,`board_image_Url`,`board_name`,`board_seq`,`board_tag`,`board_ds_temporary`,`book_id`)
VALUES ('24675355-0ebe-42db-a5aa-b268a82a0b6a','admin',now(),'admin',now(),2,'{"options":{"layout":{"layoutType":"FIT_TO_SCREEN","widgetPadding":5},"widget":{"showTitle":"BY_WIDGET","showLegend":"BY_WIDGET","showMinimap":"BY_WIDGET"}},"widgets":[{"id":"dac6fbfb-35ce-7ea4-bd88-333f842d33f3","type":"page","ref":"57966872-24c3-4e2d-a1f9-55c46f4aae88","title":false},{"id":"332a6b4a-e12e-7c9c-094f-f8a80846d154","type":"page","ref":"9ddb4823-63cf-414a-a685-019d978ae2a0","title":false},{"id":"c36ef795-f7ea-4b7a-4148-04c7968f8d8c","type":"page","ref":"10def943-d503-4405-912f-b3a29ac58f80","title":false}],"dataSource":{"joins":[],"temporary":false,"id":"02653b82-61b4-4fb1-95cd-86ee41355ff9","name":"sampleds","uiDescription":"","type":"default"},"filters":[{"field":"time","dataSource":"sampleds","type":"time_all"}],"relations":[{"ref":"57966872-24c3-4e2d-a1f9-55c46f4aae88"},{"ref":"9ddb4823-63cf-414a-a685-019d978ae2a0"},{"ref":"10def943-d503-4405-912f-b3a29ac58f80"}],"content":[{"type":"column","isClosable":true,"reorderEnabled":true,"title":"","width":100,"content":[{"type":"stack","header":{},"isClosable":true,"reorderEnabled":true,"title":"","activeItemIndex":0,"height":50,"content":[{"id":"c36ef795-f7ea-4b7a-4148-04c7968f8d8c","title":"New Chart","type":"component","componentName":"widget","componentState":{"id":"c36ef795-f7ea-4b7a-4148-04c7968f8d8c","type":"page","imageUrl":""},"isClosable":true,"reorderEnabled":true}]},{"type":"row","isClosable":true,"reorderEnabled":true,"title":"","height":50,"content":[{"type":"stack","header":{},"isClosable":true,"reorderEnabled":true,"title":"","activeItemIndex":0,"width":50,"content":[{"id":"dac6fbfb-35ce-7ea4-bd88-333f842d33f3","title":"New Chart","type":"component","componentName":"widget","componentState":{"id":"dac6fbfb-35ce-7ea4-bd88-333f842d33f3","type":"page","imageUrl":""},"isClosable":true,"reorderEnabled":true}]},{"type":"stack","width":50,"height":50,"isClosable":true,"reorderEnabled":true,"title":"","activeItemIndex":0,"content":[{"id":"332a6b4a-e12e-7c9c-094f-f8a80846d154","title":"New Chart","type":"component","componentName":"widget","componentState":{"id":"332a6b4a-e12e-7c9c-094f-f8a80846d154","type":"page","imageUrl":""},"isClosable":true,"reorderEnabled":true}]}]}]}],"userDefinedFields":[]}',NULL,NULL,'metatron://images/page/24675355-0ebe-42db-a5aa-b268a82a0b6a','test-dash1',0,NULL,NULL,'923c4a89-1424-42b2-aa46-571036c1db45');

-- Widgets
INSERT INTO `dashboard_widget` (`widget_type`,`id`,`created_by`,`created_time`,`modified_by`,`modified_time`,`version`,`widget_conf`,`widget_description`,`widget_name`,`widget_text_contents`,`page_image_Url`,`board_id`)
VALUES ('page','10def943-d503-4405-912f-b3a29ac58f80','admin',now(),'admin',now(),1,'{"chart":{"type":"label","layout":"HORIZONTAL","showLabel":true,"icons":[{"seriesName":"m1"},{"seriesName":"m2"}],"annotations":[{"seriesName":"m1"},{"seriesName":"m2"}],"secondaryIndicators":[{"seriesName":"m1"},{"seriesName":"m2"}],"series":[{"name":"m1"},{"name":"m2"}],"valueFormat":{"isAll":true,"each":null,"type":"number","sign":"KRW","decimal":2,"useThousandsSep":true},"version":2},"filters":[],"type":"page","limit":{"limit":100000,"sort":[]},"dataSource":{"joins":[],"temporary":false,"id":"02653b82-61b4-4fb1-95cd-86ee41355ff9","name":"sampleds","uiDescription":"","type":"default","connType":"ENGINE","engineName":"sampleds"},"pivot":{"columns":[],"rows":[],"aggregations":[{"type":"measure","aggregationType":"SUM","name":"m1","subType":"STRING","subRole":"MEASURE","field":{"id":10037072,"name":"m1","alias":"m1","type":"STRING","logicalType":"INTEGER","role":"MEASURE","aggrType":"NONE","seq":3,"biType":"MEASURE","granularity":"DAY","segGranularity":"MONTH","dataSource":"sampleds","dsId":"02653b82-61b4-4fb1-95cd-86ee41355ff9","boardId":"24675355-0ebe-42db-a5aa-b268a82a0b6a","useFilter":false,"pivot":["AGGREGATIONS"]},"granularity":"DAY","segGranularity":"MONTH","currentPivot":"AGGREGATIONS","format":{"type":"number","sign":"KRW","decimal":2,"useThousandsSep":true,"abbr":"NONE","customSymbol":null}},{"type":"measure","aggregationType":"SUM","name":"m2","subType":"STRING","subRole":"MEASURE","field":{"id":10037073,"name":"m2","alias":"m2","type":"STRING","logicalType":"INTEGER","role":"MEASURE","aggrType":"NONE","seq":4,"biType":"MEASURE","granularity":"DAY","segGranularity":"MONTH","dataSource":"sampleds","dsId":"02653b82-61b4-4fb1-95cd-86ee41355ff9","boardId":"24675355-0ebe-42db-a5aa-b268a82a0b6a","useFilter":false,"pivot":["AGGREGATIONS"]},"granularity":"DAY","segGranularity":"MONTH","currentPivot":"AGGREGATIONS","format":{"type":"number","sign":"KRW","decimal":2,"useThousandsSep":true,"abbr":"NONE","customSymbol":null}}]},"fields":[]}',NULL,'New Chart',NULL,'metatron://images/page/10def943-d503-4405-912f-b3a29ac58f80','24675355-0ebe-42db-a5aa-b268a82a0b6a');
INSERT INTO `dashboard_widget` (`widget_type`,`id`,`created_by`,`created_time`,`modified_by`,`modified_time`,`version`,`widget_conf`,`widget_description`,`widget_name`,`widget_text_contents`,`page_image_Url`,`board_id`)
VALUES ('page','57966872-24c3-4e2d-a1f9-55c46f4aae88','admin',now(),'admin',now(),2,'{"chart":{"type":"line","color":{"schema":"SC1","type":"series","targetField":"sd","mapping":{"SUM(m1)":"#3452b5","SUM(m2)":"#f28a00"},"mappingArray":[{"alias":"SUM(m1)","color":"#3452b5"},{"alias":"SUM(m2)","color":"#f28a00"}]},"xAxis":{"mode":"row","showName":true,"showLabel":true,"label":{"type":"category"}},"yAxis":{"mode":"column","showName":true,"showLabel":true,"label":{"type":"value","useDefault":true}},"dataLabel":{"showValue":false},"legend":{"count":5,"auto":true,"pos":"TOP","textStyle":{"fontSize":13,"fontFamily":"SpoqaHanSans"}},"chartZooms":[{"auto":true,"start":0,"end":100,"startValue":-10,"endValue":8,"orient":"HORIZONTAL"}],"mark":"LINE","curveStyle":"STRAIGHT","lineStyle":"POINT_LINE","lineMode":"NORMAL","fontSize":"NORMAL","valueFormat":{"isAll":true,"each":null,"type":"number","sign":"KRW","decimal":2,"useThousandsSep":true},"version":2},"filters":[],"type":"page","limit":{"limit":100000,"sort":[]},"dataSource":{"joins":[],"temporary":false,"id":"02653b82-61b4-4fb1-95cd-86ee41355ff9","name":"sampleds","uiDescription":"","type":"default","connType":"ENGINE","engineName":"sampleds"},"pivot":{"columns":[{"type":"timestamp","name":"time","subType":"STRING","subRole":"TIMESTAMP","field":{"id":10037069,"name":"time","alias":"time","type":"STRING","logicalType":"TIMESTAMP","role":"TIMESTAMP","aggrType":"NONE","seq":0,"format":{"type":"time_continuous","discontinuous":false,"unit":"DAY"},"biType":"TIMESTAMP","granularity":"DAY","segGranularity":"MONTH","dataSource":"sampleds","dsId":"02653b82-61b4-4fb1-95cd-86ee41355ff9","boardId":"24675355-0ebe-42db-a5aa-b268a82a0b6a","useFilter":true,"pivot":["COLUMNS"]},"granularity":"DAY","segGranularity":"MONTH","format":{"type":"time_continuous","discontinuous":false,"unit":"DAY"},"currentPivot":"COLUMNS"},{"type":"dimension","name":"d","subType":"STRING","subRole":"DIMENSION","field":{"id":10037070,"name":"d","alias":"d","type":"STRING","logicalType":"STRING","role":"DIMENSION","aggrType":"NONE","seq":1,"biType":"DIMENSION","granularity":"DAY","segGranularity":"MONTH","dataSource":"sampleds","dsId":"02653b82-61b4-4fb1-95cd-86ee41355ff9","boardId":"24675355-0ebe-42db-a5aa-b268a82a0b6a","useFilter":false,"pivot":["COLUMNS"]},"granularity":"DAY","segGranularity":"MONTH","currentPivot":"COLUMNS"},{"type":"dimension","name":"sd","subType":"STRING","subRole":"DIMENSION","field":{"id":10037071,"name":"sd","alias":"sd","type":"STRING","logicalType":"STRING","role":"DIMENSION","aggrType":"NONE","seq":2,"biType":"DIMENSION","granularity":"DAY","segGranularity":"MONTH","dataSource":"sampleds","dsId":"02653b82-61b4-4fb1-95cd-86ee41355ff9","boardId":"24675355-0ebe-42db-a5aa-b268a82a0b6a","useFilter":false,"pivot":["COLUMNS"]},"granularity":"DAY","segGranularity":"MONTH","currentPivot":"COLUMNS"}],"rows":[],"aggregations":[{"type":"measure","aggregationType":"SUM","name":"m1","subType":"STRING","subRole":"MEASURE","field":{"id":10037072,"name":"m1","alias":"m1","type":"STRING","logicalType":"INTEGER","role":"MEASURE","aggrType":"NONE","seq":3,"biType":"MEASURE","granularity":"DAY","segGranularity":"MONTH","dataSource":"sampleds","dsId":"02653b82-61b4-4fb1-95cd-86ee41355ff9","boardId":"24675355-0ebe-42db-a5aa-b268a82a0b6a","useFilter":false,"pivot":["AGGREGATIONS"]},"granularity":"DAY","segGranularity":"MONTH","currentPivot":"AGGREGATIONS","format":{"type":"number","sign":"KRW","decimal":2,"useThousandsSep":true,"abbr":"NONE","customSymbol":null}},{"type":"measure","aggregationType":"SUM","name":"m2","subType":"STRING","subRole":"MEASURE","field":{"id":10037073,"name":"m2","alias":"m2","type":"STRING","logicalType":"INTEGER","role":"MEASURE","aggrType":"NONE","seq":4,"biType":"MEASURE","granularity":"DAY","segGranularity":"MONTH","dataSource":"sampleds","dsId":"02653b82-61b4-4fb1-95cd-86ee41355ff9","boardId":"24675355-0ebe-42db-a5aa-b268a82a0b6a","useFilter":false,"pivot":["AGGREGATIONS"]},"granularity":"DAY","segGranularity":"MONTH","currentPivot":"AGGREGATIONS","format":{"type":"number","sign":"KRW","decimal":2,"useThousandsSep":true,"abbr":"NONE","customSymbol":null}}]},"fields":[]}',NULL,'New Chart',NULL,'metatron://images/page/57966872-24c3-4e2d-a1f9-55c46f4aae88','24675355-0ebe-42db-a5aa-b268a82a0b6a');
INSERT INTO `dashboard_widget` (`widget_type`,`id`,`created_by`,`created_time`,`modified_by`,`modified_time`,`version`,`widget_conf`,`widget_description`,`widget_name`,`widget_text_contents`,`page_image_Url`,`board_id`)
VALUES ('page','9ddb4823-63cf-414a-a685-019d978ae2a0','admin',now(),'admin',now(),1,'{"chart":{"type":"radar","color":{"schema":"SC1","type":"series","targetField":"d","mapping":{"SUM(m1)":"#3452b5","SUM(m2)":"#f28a00"},"mappingArray":[{"alias":"SUM(m1)","color":"#3452b5"},{"alias":"SUM(m2)","color":"#f28a00"}]},"legend":{"count":5,"auto":true,"pos":"TOP","textStyle":{"fontSize":13,"fontFamily":"SpoqaHanSans"}},"dataLabel":{"showValue":false},"valueFormat":{"isAll":true,"each":null,"type":"number","sign":"KRW","decimal":2,"useThousandsSep":true},"mark":"LINE","version":2},"filters":[],"type":"page","limit":{"limit":100000,"sort":[]},"dataSource":{"joins":[],"temporary":false,"id":"02653b82-61b4-4fb1-95cd-86ee41355ff9","name":"sampleds","uiDescription":"","type":"default","connType":"ENGINE","engineName":"sampleds"},"pivot":{"columns":[],"rows":[],"aggregations":[{"type":"dimension","name":"d","subType":"STRING","subRole":"DIMENSION","field":{"id":10037070,"name":"d","alias":"d","type":"STRING","logicalType":"STRING","role":"DIMENSION","aggrType":"NONE","seq":1,"biType":"DIMENSION","granularity":"DAY","segGranularity":"MONTH","dataSource":"sampleds","dsId":"02653b82-61b4-4fb1-95cd-86ee41355ff9","boardId":"24675355-0ebe-42db-a5aa-b268a82a0b6a","useFilter":false,"pivot":["AGGREGATIONS"]},"granularity":"DAY","segGranularity":"MONTH","currentPivot":"AGGREGATIONS"},{"type":"measure","aggregationType":"SUM","name":"m1","subType":"STRING","subRole":"MEASURE","field":{"id":10037072,"name":"m1","alias":"m1","type":"STRING","logicalType":"INTEGER","role":"MEASURE","aggrType":"NONE","seq":3,"biType":"MEASURE","granularity":"DAY","segGranularity":"MONTH","dataSource":"sampleds","dsId":"02653b82-61b4-4fb1-95cd-86ee41355ff9","boardId":"24675355-0ebe-42db-a5aa-b268a82a0b6a","useFilter":false,"pivot":["AGGREGATIONS"]},"granularity":"DAY","segGranularity":"MONTH","currentPivot":"AGGREGATIONS","format":{"type":"number","sign":"KRW","decimal":2,"useThousandsSep":true,"abbr":"NONE","customSymbol":null}},{"type":"measure","aggregationType":"SUM","name":"m2","subType":"STRING","subRole":"MEASURE","field":{"id":10037073,"name":"m2","alias":"m2","type":"STRING","logicalType":"INTEGER","role":"MEASURE","aggrType":"NONE","seq":4,"biType":"MEASURE","granularity":"DAY","segGranularity":"MONTH","dataSource":"sampleds","dsId":"02653b82-61b4-4fb1-95cd-86ee41355ff9","boardId":"24675355-0ebe-42db-a5aa-b268a82a0b6a","useFilter":false,"pivot":["AGGREGATIONS"]},"granularity":"DAY","segGranularity":"MONTH","currentPivot":"AGGREGATIONS","format":{"type":"number","sign":"KRW","decimal":2,"useThousandsSep":true,"abbr":"NONE","customSymbol":null}}]},"fields":[]}',NULL,'New Chart',NULL,'metatron://images/page/9ddb4823-63cf-414a-a685-019d978ae2a0','24675355-0ebe-42db-a5aa-b268a82a0b6a');
INSERT INTO `dashboard_widget` (`widget_type`,`id`,`created_by`,`created_time`,`modified_by`,`modified_time`,`version`,`widget_conf`,`widget_description`,`widget_name`,`widget_text_contents`,`page_image_Url`,`board_id`)
VALUES ('filter','e756cf05-e499-4659-ba00-0444fb3d459c','admin',now(),'admin',now(),0,'{"type":"filter","filter":{"field":"time","dataSource":"sampleds","type":"time_all"}}',NULL,'time',NULL,NULL,'24675355-0ebe-42db-a5aa-b268a82a0b6a');

-- Datasource_dashboard
INSERT INTO `datasource_dashboard` (`dashboard_id`,`ds_id`) VALUES ('24675355-0ebe-42db-a5aa-b268a82a0b6a','02653b82-61b4-4fb1-95cd-86ee41355ff9');